{"payload":{"installed_packages":["aiofiles==23.2.1","aiohttp==3.9.3","aiosignal==1.3.1","asttokens==2.4.1","asyncio==3.4.3","attrs==23.2.0","beautifulsoup4==4.12.3","certifi==2023.11.17","cffi==1.16.0","charset-normalizer==3.3.2","click==8.1.7","colorama==0.4.6","comet-ml==3.38.1","comm==0.2.1","configobj==5.0.8","contourpy==1.2.0","cycler==0.12.1","debugpy==1.8.1","decorator==5.1.1","dulwich==0.21.7","everett==3.1.0","executing==2.0.1","filelock==3.13.1","fire==0.5.0","fonttools==4.47.2","frozenlist==1.4.1","fsspec==2023.12.2","gitdb==4.0.11","gitpython==3.1.41","h11==0.14.0","idna==3.6","imutils==0.5.4","ipykernel==6.29.2","ipython==8.21.0","jedi==0.19.1","jinja2==3.1.3","joblib==1.3.2","jsonschema-specifications==2023.12.1","jsonschema==4.21.1","jupyter-client==8.6.0","jupyter-core==5.7.1","kiwisolver==1.4.5","labelimg==1.8.6","lxml==5.1.0","markdown-it-py==3.0.0","markupsafe==2.1.4","matplotlib-inline==0.1.6","matplotlib==3.8.2","mdurl==0.1.2","mpmath==1.3.0","multidict==6.0.5","nest-asyncio==1.6.0","networkx==3.2.1","numpy==1.26.3","onnx==1.15.0","opencv-python==4.7.0.72","outcome==1.3.0.post0","packaging==23.2","pandas==2.2.0","parso==0.8.3","pillow==10.2.0","pip==24.0","platformdirs==4.2.0","prompt-toolkit==3.0.43","protobuf==4.25.2","psutil==5.9.8","pure-eval==0.2.2","py-cpuinfo==9.0.0","pybboxes==0.1.6","pycparser==2.21","pygments==2.17.2","pyparsing==3.1.1","pyqt5-qt5==5.15.2","pyqt5-sip==12.13.0","pyqt5==5.15.10","pysocks==1.7.1","python-box==6.1.0","python-dateutil==2.8.2","python-dotenv==1.0.1","pytz==2023.3.post1","pywin32==306","pyyaml==6.0.1","pyzmq==25.1.2","referencing==0.33.0","requests-toolbelt==1.0.0","requests==2.31.0","rich==13.7.1","rpds-py==0.18.0","sahi==0.11.15","scikit-learn==1.4.1.post1","scipy==1.11.4","seaborn==0.13.1","selenium==4.17.2","semantic-version==2.10.0","sentry-sdk==1.40.6","setuptools==69.1.0","shapely==2.0.2","simplejson==3.19.2","six==1.16.0","smmap==5.0.1","sniffio==1.3.0","sortedcontainers==2.4.0","soupsieve==2.5","stack-data==0.6.3","sympy==1.12","termcolor==2.4.0","terminaltables==3.1.10","thop==0.1.1.post2209072238","threadpoolctl==3.3.0","torch==2.2.0+cu121","torchaudio==2.2.0+cu121","torchvision==0.17.0+cu121","tornado==6.4","tqdm==4.66.1","traitlets==5.14.1","trio-websocket==0.11.1","trio==0.24.0","typing-extensions==4.9.0","tzdata==2023.4","ultralytics==8.1.3","urllib3==2.1.0","wcwidth==0.2.13","webdriver-manager==4.0.1","websocket-client==1.3.3","wrapt==1.16.0","wsproto==1.2.0","wurlitzer==3.0.3","yarl==1.9.4"],"local_timestamp":1709333500367,"message_id":1},"type":"ws_msg"}
{"payload":{"env_details":{"command":["yolov5/train.py","--img","640","--batch","16","--epochs","300","--data","C:/Users/David/Projects/smart-drone-vision/Dataset/Pinopsida/dataset/dataset.yaml","--weights","yolov5m.pt","--project","yolov5/runs/train","--name","pinopsida_experiment"],"env":null,"hostname":"geckobot","ip":"192.168.10.152","machine":"AMD64","os":"Windows-10-10.0.22631-SP0","os_release":"10","os_type":"Windows","pid":23784,"processor":"Intel64 Family 6 Model 141 Stepping 1, GenuineIntel","python_exe":"C:\\Users\\David\\Projects\\smart-drone-vision\\venv\\Scripts\\python.exe","python_version":"3.11.0","python_version_verbose":"3.11.0 (main, Oct 24 2022, 18:26:48) [MSC v.1933 64 bit (AMD64)]","user":"David"},"local_timestamp":1709333500446,"message_id":2},"type":"ws_msg"}
{"payload":{"gpu_static_info":[{"gpu_index":0,"name":"NVIDIA GeForce RTX 3050 Ti Laptop GPU","power_limit":75000,"total_memory":4294967296,"uuid":"GPU-6bc0542e-0816-04d7-0e29-0bde6262e851"}],"local_timestamp":1709333500478,"message_id":3},"type":"ws_msg"}
{"payload":{"local_timestamp":1709333500478,"message_id":4,"metric":{"epoch":null,"metricName":"sys.gpu.0.total_memory","metricValue":4294967296,"step":null}},"type":"metric_msg"}
{"payload":{"local_timestamp":1709333500479,"message_id":5,"param":{"paramName":"img","paramValue":640,"source":"cli","step":null}},"type":"parameter_msg"}
{"payload":{"local_timestamp":1709333500479,"message_id":6,"param":{"paramName":"batch","paramValue":16,"source":"cli","step":null}},"type":"parameter_msg"}
{"payload":{"local_timestamp":1709333500479,"message_id":7,"param":{"paramName":"epochs","paramValue":300,"source":"cli","step":null}},"type":"parameter_msg"}
{"payload":{"local_timestamp":1709333500479,"message_id":8,"param":{"paramName":"data","paramValue":"C:/Users/David/Projects/smart-drone-vision/Dataset/Pinopsida/dataset/dataset.yaml","source":"cli","step":null}},"type":"parameter_msg"}
{"payload":{"local_timestamp":1709333500479,"message_id":9,"param":{"paramName":"weights","paramValue":"yolov5m.pt","source":"cli","step":null}},"type":"parameter_msg"}
{"payload":{"local_timestamp":1709333500479,"message_id":10,"param":{"paramName":"project","paramValue":"yolov5/runs/train","source":"cli","step":null}},"type":"parameter_msg"}
{"payload":{"local_timestamp":1709333500479,"message_id":11,"param":{"paramName":"name","paramValue":"pinopsida_experiment","source":"cli","step":null}},"type":"parameter_msg"}
{"payload":{"local_timestamp":1709333500480,"log_other":{"key":"offline_experiment","val":true},"message_id":12},"type":"ws_msg"}
{"payload":{"local_timestamp":1709333500480,"log_other":{"key":"Name","val":"pinopsida_experiment"},"message_id":13},"type":"ws_msg"}
{"payload":{"additional_params":{"assetId":"8947ee9afdd5443dad621f0699e5bbe6","context":null,"extension":"yaml","fileName":"dataset.yaml","overwrite":false,"runId":null,"step":null},"clean":true,"file_path":"tmp63v8937y","local_timestamp":1709333500484,"message_id":14,"metadata":{"type":"data-config-file"},"upload_type":"asset"},"type":"file_upload"}
{"payload":{"local_timestamp":1709333500485,"message_id":15,"metric":{"epoch":null,"metricName":"sys.gpu.0.gpu_utilization","metricValue":7,"step":null}},"type":"metric_msg"}
{"payload":{"local_timestamp":1709333500485,"message_id":16,"metric":{"epoch":null,"metricName":"sys.gpu.0.power_usage","metricValue":11049,"step":null}},"type":"metric_msg"}
{"payload":{"local_timestamp":1709333500485,"message_id":17,"metric":{"epoch":null,"metricName":"sys.gpu.0.temperature","metricValue":50,"step":null}},"type":"metric_msg"}
{"payload":{"local_timestamp":1709333500485,"message_id":18,"metric":{"epoch":null,"metricName":"sys.gpu.0.memory_utilization","metricValue":27,"step":null}},"type":"metric_msg"}
{"payload":{"local_timestamp":1709333500485,"message_id":19,"metric":{"epoch":null,"metricName":"sys.gpu.0.free_memory","metricValue":3147309056,"step":null}},"type":"metric_msg"}
{"payload":{"local_timestamp":1709333500485,"message_id":20,"metric":{"epoch":null,"metricName":"sys.gpu.0.used_memory","metricValue":1147658240,"step":null}},"type":"metric_msg"}
{"payload":{"local_timestamp":1709333500485,"message_id":21,"metric":{"epoch":null,"metricName":"sys.gpu.0.percent.used_memory","metricValue":26.72100067138672,"step":null}},"type":"metric_msg"}
{"payload":{"local_timestamp":1709333500490,"log_other":{"key":"Created from","val":"YOLOv5"},"message_id":22},"type":"ws_msg"}
{"payload":{"local_timestamp":1709333500491,"log_other":{"key":"hasNestedParams","val":true},"message_id":23},"type":"ws_msg"}
{"payload":{"local_timestamp":1709333500491,"message_id":24,"param":{"paramName":"artifact_alias","paramValue":"latest","source":"manual","step":null}},"type":"parameter_msg"}
{"payload":{"local_timestamp":1709333500491,"message_id":25,"param":{"paramName":"batch_size","paramValue":16,"source":"manual","step":null}},"type":"parameter_msg"}
{"payload":{"local_timestamp":1709333500491,"message_id":26,"param":{"paramName":"bbox_interval","paramValue":-1,"source":"manual","step":null}},"type":"parameter_msg"}
{"payload":{"local_timestamp":1709333500491,"message_id":27,"param":{"paramName":"bucket","paramValue":"","source":"manual","step":null}},"type":"parameter_msg"}
{"payload":{"local_timestamp":1709333500491,"message_id":28,"param":{"paramName":"cache","paramValue":null,"source":"manual","step":null}},"type":"parameter_msg"}
{"payload":{"local_timestamp":1709333500491,"message_id":29,"param":{"paramName":"cfg","paramValue":"","source":"manual","step":null}},"type":"parameter_msg"}
{"payload":{"local_timestamp":1709333500491,"message_id":30,"param":{"paramName":"cos_lr","paramValue":false,"source":"manual","step":null}},"type":"parameter_msg"}
{"payload":{"local_timestamp":1709333500491,"message_id":31,"param":{"paramName":"device","paramValue":"","source":"manual","step":null}},"type":"parameter_msg"}
{"payload":{"local_timestamp":1709333500491,"message_id":32,"param":{"paramName":"entity","paramValue":null,"source":"manual","step":null}},"type":"parameter_msg"}
{"payload":{"local_timestamp":1709333500491,"message_id":33,"param":{"paramName":"evolve","paramValue":null,"source":"manual","step":null}},"type":"parameter_msg"}
{"payload":{"local_timestamp":1709333500491,"message_id":34,"param":{"paramName":"evolve_population","paramValue":"yolov5\\data\\hyps","source":"manual","step":null}},"type":"parameter_msg"}
{"payload":{"local_timestamp":1709333500491,"message_id":35,"param":{"paramName":"exist_ok","paramValue":false,"source":"manual","step":null}},"type":"parameter_msg"}
{"payload":{"local_timestamp":1709333500491,"message_id":36,"params":{"paramName":"freeze","paramValue":[0],"source":"manual","step":null}},"type":"parameter_msg"}
{"payload":{"local_timestamp":1709333500491,"message_id":37,"param":{"paramName":"hyp|anchor_t","paramValue":4.0,"source":"manual","step":null}},"type":"parameter_msg"}
{"payload":{"local_timestamp":1709333500491,"message_id":38,"param":{"paramName":"hyp|box","paramValue":0.05,"source":"manual","step":null}},"type":"parameter_msg"}
{"payload":{"local_timestamp":1709333500491,"message_id":39,"param":{"paramName":"hyp|cls","paramValue":0.5,"source":"manual","step":null}},"type":"parameter_msg"}
{"payload":{"local_timestamp":1709333500491,"message_id":40,"param":{"paramName":"hyp|cls_pw","paramValue":1.0,"source":"manual","step":null}},"type":"parameter_msg"}
{"payload":{"local_timestamp":1709333500491,"message_id":41,"param":{"paramName":"hyp|copy_paste","paramValue":0.0,"source":"manual","step":null}},"type":"parameter_msg"}
{"payload":{"local_timestamp":1709333500491,"message_id":42,"param":{"paramName":"hyp|degrees","paramValue":0.0,"source":"manual","step":null}},"type":"parameter_msg"}
{"payload":{"local_timestamp":1709333500491,"message_id":43,"param":{"paramName":"hyp|fl_gamma","paramValue":0.0,"source":"manual","step":null}},"type":"parameter_msg"}
{"payload":{"local_timestamp":1709333500491,"message_id":44,"param":{"paramName":"hyp|fliplr","paramValue":0.5,"source":"manual","step":null}},"type":"parameter_msg"}
{"payload":{"local_timestamp":1709333500491,"message_id":45,"param":{"paramName":"hyp|flipud","paramValue":0.0,"source":"manual","step":null}},"type":"parameter_msg"}
{"payload":{"local_timestamp":1709333500491,"message_id":46,"param":{"paramName":"hyp|hsv_h","paramValue":0.015,"source":"manual","step":null}},"type":"parameter_msg"}
{"payload":{"local_timestamp":1709333500491,"message_id":47,"param":{"paramName":"hyp|hsv_s","paramValue":0.7,"source":"manual","step":null}},"type":"parameter_msg"}
{"payload":{"local_timestamp":1709333500491,"message_id":48,"param":{"paramName":"hyp|hsv_v","paramValue":0.4,"source":"manual","step":null}},"type":"parameter_msg"}
{"payload":{"local_timestamp":1709333500491,"message_id":49,"param":{"paramName":"hyp|iou_t","paramValue":0.2,"source":"manual","step":null}},"type":"parameter_msg"}
{"payload":{"local_timestamp":1709333500491,"message_id":50,"param":{"paramName":"hyp|lr0","paramValue":0.01,"source":"manual","step":null}},"type":"parameter_msg"}
{"payload":{"local_timestamp":1709333500491,"message_id":51,"param":{"paramName":"hyp|lrf","paramValue":0.01,"source":"manual","step":null}},"type":"parameter_msg"}
{"payload":{"local_timestamp":1709333500491,"message_id":52,"param":{"paramName":"hyp|mixup","paramValue":0.0,"source":"manual","step":null}},"type":"parameter_msg"}
{"payload":{"local_timestamp":1709333500491,"message_id":53,"param":{"paramName":"hyp|momentum","paramValue":0.937,"source":"manual","step":null}},"type":"parameter_msg"}
{"payload":{"local_timestamp":1709333500491,"message_id":54,"param":{"paramName":"hyp|mosaic","paramValue":1.0,"source":"manual","step":null}},"type":"parameter_msg"}
{"payload":{"local_timestamp":1709333500491,"message_id":55,"param":{"paramName":"hyp|obj","paramValue":1.0,"source":"manual","step":null}},"type":"parameter_msg"}
{"payload":{"local_timestamp":1709333500491,"message_id":56,"param":{"paramName":"hyp|obj_pw","paramValue":1.0,"source":"manual","step":null}},"type":"parameter_msg"}
{"payload":{"local_timestamp":1709333500491,"message_id":57,"param":{"paramName":"hyp|perspective","paramValue":0.0,"source":"manual","step":null}},"type":"parameter_msg"}
{"payload":{"local_timestamp":1709333500491,"message_id":58,"param":{"paramName":"hyp|scale","paramValue":0.5,"source":"manual","step":null}},"type":"parameter_msg"}
{"payload":{"local_timestamp":1709333500491,"message_id":59,"param":{"paramName":"hyp|shear","paramValue":0.0,"source":"manual","step":null}},"type":"parameter_msg"}
{"payload":{"local_timestamp":1709333500491,"message_id":60,"param":{"paramName":"hyp|translate","paramValue":0.1,"source":"manual","step":null}},"type":"parameter_msg"}
{"payload":{"local_timestamp":1709333500491,"message_id":61,"param":{"paramName":"hyp|warmup_bias_lr","paramValue":0.1,"source":"manual","step":null}},"type":"parameter_msg"}
{"payload":{"local_timestamp":1709333500491,"message_id":62,"param":{"paramName":"hyp|warmup_epochs","paramValue":3.0,"source":"manual","step":null}},"type":"parameter_msg"}
{"payload":{"local_timestamp":1709333500491,"message_id":63,"param":{"paramName":"hyp|warmup_momentum","paramValue":0.8,"source":"manual","step":null}},"type":"parameter_msg"}
{"payload":{"local_timestamp":1709333500491,"message_id":64,"param":{"paramName":"hyp|weight_decay","paramValue":0.0005,"source":"manual","step":null}},"type":"parameter_msg"}
{"payload":{"local_timestamp":1709333500491,"message_id":65,"param":{"paramName":"image_weights","paramValue":false,"source":"manual","step":null}},"type":"parameter_msg"}
{"payload":{"local_timestamp":1709333500491,"message_id":66,"param":{"paramName":"imgsz","paramValue":640,"source":"manual","step":null}},"type":"parameter_msg"}
{"payload":{"local_timestamp":1709333500491,"message_id":67,"param":{"paramName":"label_smoothing","paramValue":0.0,"source":"manual","step":null}},"type":"parameter_msg"}
{"payload":{"local_timestamp":1709333500491,"message_id":68,"param":{"paramName":"local_rank","paramValue":-1,"source":"manual","step":null}},"type":"parameter_msg"}
{"payload":{"local_timestamp":1709333500492,"message_id":69,"param":{"paramName":"multi_scale","paramValue":false,"source":"manual","step":null}},"type":"parameter_msg"}
{"payload":{"local_timestamp":1709333500492,"message_id":70,"param":{"paramName":"ndjson_console","paramValue":false,"source":"manual","step":null}},"type":"parameter_msg"}
{"payload":{"local_timestamp":1709333500492,"message_id":71,"param":{"paramName":"ndjson_file","paramValue":false,"source":"manual","step":null}},"type":"parameter_msg"}
{"payload":{"local_timestamp":1709333500492,"message_id":72,"param":{"paramName":"noautoanchor","paramValue":false,"source":"manual","step":null}},"type":"parameter_msg"}
{"payload":{"local_timestamp":1709333500492,"message_id":73,"param":{"paramName":"noplots","paramValue":false,"source":"manual","step":null}},"type":"parameter_msg"}
{"payload":{"local_timestamp":1709333500492,"message_id":74,"param":{"paramName":"nosave","paramValue":false,"source":"manual","step":null}},"type":"parameter_msg"}
{"payload":{"local_timestamp":1709333500492,"message_id":75,"param":{"paramName":"noval","paramValue":false,"source":"manual","step":null}},"type":"parameter_msg"}
{"payload":{"local_timestamp":1709333500492,"message_id":76,"param":{"paramName":"optimizer","paramValue":"SGD","source":"manual","step":null}},"type":"parameter_msg"}
{"payload":{"local_timestamp":1709333500492,"message_id":77,"param":{"paramName":"patience","paramValue":100,"source":"manual","step":null}},"type":"parameter_msg"}
{"payload":{"local_timestamp":1709333500492,"message_id":78,"param":{"paramName":"quad","paramValue":false,"source":"manual","step":null}},"type":"parameter_msg"}
{"payload":{"local_timestamp":1709333500492,"message_id":79,"param":{"paramName":"rect","paramValue":false,"source":"manual","step":null}},"type":"parameter_msg"}
{"payload":{"local_timestamp":1709333500492,"message_id":80,"param":{"paramName":"resume","paramValue":false,"source":"manual","step":null}},"type":"parameter_msg"}
{"payload":{"local_timestamp":1709333500492,"message_id":81,"param":{"paramName":"resume_evolve","paramValue":null,"source":"manual","step":null}},"type":"parameter_msg"}
{"payload":{"local_timestamp":1709333500492,"message_id":82,"param":{"paramName":"save_dir","paramValue":"yolov5\\runs\\train\\pinopsida_experiment","source":"manual","step":null}},"type":"parameter_msg"}
{"payload":{"local_timestamp":1709333500492,"message_id":83,"param":{"paramName":"save_period","paramValue":-1,"source":"manual","step":null}},"type":"parameter_msg"}
{"payload":{"local_timestamp":1709333500492,"message_id":84,"param":{"paramName":"seed","paramValue":0,"source":"manual","step":null}},"type":"parameter_msg"}
{"payload":{"local_timestamp":1709333500492,"message_id":85,"param":{"paramName":"single_cls","paramValue":false,"source":"manual","step":null}},"type":"parameter_msg"}
{"payload":{"local_timestamp":1709333500492,"message_id":86,"param":{"paramName":"sync_bn","paramValue":false,"source":"manual","step":null}},"type":"parameter_msg"}
{"payload":{"local_timestamp":1709333500492,"message_id":87,"param":{"paramName":"upload_dataset","paramValue":false,"source":"manual","step":null}},"type":"parameter_msg"}
{"payload":{"local_timestamp":1709333500492,"message_id":88,"param":{"paramName":"workers","paramValue":8,"source":"manual","step":null}},"type":"parameter_msg"}
{"payload":{"local_timestamp":1709333500492,"message_id":89,"param":{"paramName":"anchor_t","paramValue":4.0,"source":"manual","step":null}},"type":"parameter_msg"}
{"payload":{"local_timestamp":1709333500492,"message_id":90,"param":{"paramName":"box","paramValue":0.05,"source":"manual","step":null}},"type":"parameter_msg"}
{"payload":{"local_timestamp":1709333500492,"message_id":91,"param":{"paramName":"cls","paramValue":0.5,"source":"manual","step":null}},"type":"parameter_msg"}
{"payload":{"local_timestamp":1709333500492,"message_id":92,"param":{"paramName":"cls_pw","paramValue":1.0,"source":"manual","step":null}},"type":"parameter_msg"}
{"payload":{"local_timestamp":1709333500492,"message_id":93,"param":{"paramName":"copy_paste","paramValue":0.0,"source":"manual","step":null}},"type":"parameter_msg"}
{"payload":{"local_timestamp":1709333500492,"message_id":94,"param":{"paramName":"degrees","paramValue":0.0,"source":"manual","step":null}},"type":"parameter_msg"}
{"payload":{"local_timestamp":1709333500492,"message_id":95,"param":{"paramName":"fl_gamma","paramValue":0.0,"source":"manual","step":null}},"type":"parameter_msg"}
{"payload":{"local_timestamp":1709333500492,"message_id":96,"param":{"paramName":"fliplr","paramValue":0.5,"source":"manual","step":null}},"type":"parameter_msg"}
{"payload":{"local_timestamp":1709333500492,"message_id":97,"param":{"paramName":"flipud","paramValue":0.0,"source":"manual","step":null}},"type":"parameter_msg"}
{"payload":{"local_timestamp":1709333500492,"message_id":98,"param":{"paramName":"hsv_h","paramValue":0.015,"source":"manual","step":null}},"type":"parameter_msg"}
{"payload":{"local_timestamp":1709333500492,"message_id":99,"param":{"paramName":"hsv_s","paramValue":0.7,"source":"manual","step":null}},"type":"parameter_msg"}
{"payload":{"local_timestamp":1709333500492,"message_id":100,"param":{"paramName":"hsv_v","paramValue":0.4,"source":"manual","step":null}},"type":"parameter_msg"}
{"payload":{"local_timestamp":1709333500492,"message_id":101,"param":{"paramName":"iou_t","paramValue":0.2,"source":"manual","step":null}},"type":"parameter_msg"}
{"payload":{"local_timestamp":1709333500492,"message_id":102,"param":{"paramName":"lr0","paramValue":0.01,"source":"manual","step":null}},"type":"parameter_msg"}
{"payload":{"local_timestamp":1709333500492,"message_id":103,"param":{"paramName":"lrf","paramValue":0.01,"source":"manual","step":null}},"type":"parameter_msg"}
{"payload":{"local_timestamp":1709333500492,"message_id":104,"param":{"paramName":"mixup","paramValue":0.0,"source":"manual","step":null}},"type":"parameter_msg"}
{"payload":{"local_timestamp":1709333500492,"message_id":105,"param":{"paramName":"momentum","paramValue":0.937,"source":"manual","step":null}},"type":"parameter_msg"}
{"payload":{"local_timestamp":1709333500492,"message_id":106,"param":{"paramName":"mosaic","paramValue":1.0,"source":"manual","step":null}},"type":"parameter_msg"}
{"payload":{"local_timestamp":1709333500492,"message_id":107,"param":{"paramName":"obj","paramValue":1.0,"source":"manual","step":null}},"type":"parameter_msg"}
{"payload":{"local_timestamp":1709333500492,"message_id":108,"param":{"paramName":"obj_pw","paramValue":1.0,"source":"manual","step":null}},"type":"parameter_msg"}
{"payload":{"local_timestamp":1709333500492,"message_id":109,"param":{"paramName":"perspective","paramValue":0.0,"source":"manual","step":null}},"type":"parameter_msg"}
{"payload":{"local_timestamp":1709333500492,"message_id":110,"param":{"paramName":"scale","paramValue":0.5,"source":"manual","step":null}},"type":"parameter_msg"}
{"payload":{"local_timestamp":1709333500492,"message_id":111,"param":{"paramName":"shear","paramValue":0.0,"source":"manual","step":null}},"type":"parameter_msg"}
{"payload":{"local_timestamp":1709333500492,"message_id":112,"param":{"paramName":"translate","paramValue":0.1,"source":"manual","step":null}},"type":"parameter_msg"}
{"payload":{"local_timestamp":1709333500492,"message_id":113,"param":{"paramName":"warmup_bias_lr","paramValue":0.1,"source":"manual","step":null}},"type":"parameter_msg"}
{"payload":{"local_timestamp":1709333500492,"message_id":114,"param":{"paramName":"warmup_epochs","paramValue":3.0,"source":"manual","step":null}},"type":"parameter_msg"}
{"payload":{"local_timestamp":1709333500492,"message_id":115,"param":{"paramName":"warmup_momentum","paramValue":0.8,"source":"manual","step":null}},"type":"parameter_msg"}
{"payload":{"local_timestamp":1709333500492,"message_id":116,"param":{"paramName":"weight_decay","paramValue":0.0005,"source":"manual","step":null}},"type":"parameter_msg"}
{"payload":{"additional_params":{"assetId":"06e32f94f5734d29b2bbbd6cc07bb938","context":null,"epoch":null,"extension":"json","fileName":"hyperparameters.json","overwrite":false,"runId":null,"step":null},"clean":true,"file_path":"tmpz12f8rp2","local_timestamp":1709333500496,"message_id":117,"metadata":{"type":"hyp-config-file"},"upload_type":"asset"},"type":"file_upload"}
{"payload":{"additional_params":{"assetId":"9fc3d0ad655d4ecb8888b7d0dfe02e15","context":null,"extension":"yaml","fileName":"opt.yaml","overwrite":false,"runId":null,"step":null},"clean":true,"file_path":"tmpwekdez7r","local_timestamp":1709333500499,"message_id":118,"metadata":{"type":"opt-config-file"},"upload_type":"asset"},"type":"file_upload"}
{"payload":{"local_timestamp":1709333500499,"message_id":119,"param":{"paramName":"val_conf_threshold","paramValue":0.001,"source":"manual","step":null}},"type":"parameter_msg"}
{"payload":{"local_timestamp":1709333500499,"message_id":120,"param":{"paramName":"val_iou_threshold","paramValue":0.6,"source":"manual","step":null}},"type":"parameter_msg"}
{"payload":{"local_timestamp":1709333500499,"log_other":{"key":"comet_mode","val":"online"},"message_id":121},"type":"ws_msg"}
{"payload":{"local_timestamp":1709333500500,"log_other":{"key":"comet_max_image_uploads","val":100},"message_id":122},"type":"ws_msg"}
{"payload":{"local_timestamp":1709333500500,"log_other":{"key":"comet_log_per_class_metrics","val":false},"message_id":123},"type":"ws_msg"}
{"payload":{"local_timestamp":1709333500500,"log_other":{"key":"comet_log_batch_metrics","val":false},"message_id":124},"type":"ws_msg"}
{"payload":{"local_timestamp":1709333500500,"log_other":{"key":"comet_log_confusion_matrix","val":true},"message_id":125},"type":"ws_msg"}
{"payload":{"local_timestamp":1709333500500,"log_other":{"key":"comet_model_name","val":"yolov5"},"message_id":126},"type":"ws_msg"}
{"payload":{"local_timestamp":1709333500546,"message_id":127,"stderr":true,"stdout":"Overriding model.yaml nc=80 with nc=66\n"},"type":"ws_msg"}
{"payload":{"local_timestamp":1709333500547,"message_id":128,"stderr":true,"stdout":"\n                 from  n    params  module                                  arguments                     \n"},"type":"ws_msg"}
{"payload":{"local_timestamp":1709333500548,"message_id":129,"stderr":true,"stdout":"  0                -1  1      5280  models.common.Conv                      [3, 48, 6, 2, 2]              \n"},"type":"ws_msg"}
{"payload":{"local_timestamp":1709333500850,"message_id":130,"metric":{"epoch":null,"metricName":"sys.cpu.percent.avg","metricValue":0.0,"step":null}},"type":"metric_msg"}
{"payload":{"local_timestamp":1709333500850,"message_id":131,"metric":{"epoch":null,"metricName":"sys.ram.total","metricValue":68471283712,"step":null}},"type":"metric_msg"}
{"payload":{"local_timestamp":1709333500850,"message_id":132,"metric":{"epoch":null,"metricName":"sys.ram.used","metricValue":20888596480,"step":null}},"type":"metric_msg"}
{"payload":{"local_timestamp":1709333500850,"message_id":133,"metric":{"epoch":null,"metricName":"sys.ram.available","metricValue":47582687232,"step":null}},"type":"metric_msg"}
{"payload":{"local_timestamp":1709333500850,"message_id":134,"metric":{"epoch":null,"metricName":"sys.ram.percent.used","metricValue":30.5,"step":null}},"type":"metric_msg"}
{"payload":{"local_timestamp":1709333500850,"message_id":135,"metric":{"epoch":null,"metricName":"sys.load.avg","metricValue":0.0,"step":null}},"type":"metric_msg"}
{"payload":{"local_timestamp":1709333500852,"message_id":136,"stderr":true,"stdout":"  1                -1  1     41664  models.common.Conv                      [48, 96, 3, 2]                \n"},"type":"ws_msg"}
{"payload":{"local_timestamp":1709333500858,"message_id":137,"stderr":true,"stdout":"  2                -1  2     65280  models.common.C3                        [96, 96, 2]                   \n"},"type":"ws_msg"}
{"payload":{"local_timestamp":1709333500860,"message_id":138,"stderr":true,"stdout":"  3                -1  1    166272  models.common.Conv                      [96, 192, 3, 2]               \n"},"type":"ws_msg"}
{"payload":{"local_timestamp":1709333500865,"message_id":139,"stderr":true,"stdout":"  4                -1  4    444672  models.common.C3                        [192, 192, 4]                 \n"},"type":"ws_msg"}
{"payload":{"local_timestamp":1709333500870,"message_id":140,"stderr":true,"stdout":"  5                -1  1    664320  models.common.Conv                      [192, 384, 3, 2]              \n"},"type":"ws_msg"}
{"payload":{"local_timestamp":1709333500890,"message_id":141,"stderr":true,"stdout":"  6                -1  6   2512896  models.common.C3                        [384, 384, 6]                 \n"},"type":"ws_msg"}
{"payload":{"local_timestamp":1709333500907,"message_id":142,"stderr":true,"stdout":"  7                -1  1   2655744  models.common.Conv                      [384, 768, 3, 2]              \n"},"type":"ws_msg"}
{"payload":{"local_timestamp":1709333500936,"message_id":143,"stderr":true,"stdout":"  8                -1  2   4134912  models.common.C3                        [768, 768, 2]                 \n"},"type":"ws_msg"}
{"payload":{"local_timestamp":1709333500944,"message_id":144,"stderr":true,"stdout":"  9                -1  1   1476864  models.common.SPPF                      [768, 768, 5]                 \n"},"type":"ws_msg"}
{"payload":{"local_timestamp":1709333500947,"message_id":145,"stderr":true,"stdout":" 10                -1  1    295680  models.common.Conv                      [768, 384, 1, 1]              \n"},"type":"ws_msg"}
{"payload":{"local_timestamp":1709333500947,"message_id":146,"stderr":true,"stdout":" 11                -1  1         0  torch.nn.modules.upsampling.Upsample    [None, 2, 'nearest']          \n"},"type":"ws_msg"}
{"payload":{"local_timestamp":1709333500948,"message_id":147,"stderr":true,"stdout":" 12           [-1, 6]  1         0  models.common.Concat                    [1]                           \n"},"type":"ws_msg"}
{"payload":{"local_timestamp":1709333501154,"message_id":148,"stderr":true,"stdout":" 13                -1  2   1182720  models.common.C3                        [768, 384, 2, False]          \n"},"type":"ws_msg"}
{"payload":{"local_timestamp":1709333501156,"message_id":149,"stderr":true,"stdout":" 14                -1  1     74112  models.common.Conv                      [384, 192, 1, 1]              \n"},"type":"ws_msg"}
{"payload":{"local_timestamp":1709333501156,"message_id":150,"stderr":true,"stdout":" 15                -1  1         0  torch.nn.modules.upsampling.Upsample    [None, 2, 'nearest']          \n"},"type":"ws_msg"}
{"payload":{"local_timestamp":1709333501157,"message_id":151,"stderr":true,"stdout":" 16           [-1, 4]  1         0  models.common.Concat                    [1]                           \n"},"type":"ws_msg"}
{"payload":{"local_timestamp":1709333501164,"message_id":152,"stderr":true,"stdout":" 17                -1  2    296448  models.common.C3                        [384, 192, 2, False]          \n"},"type":"ws_msg"}
{"payload":{"local_timestamp":1709333501166,"message_id":153,"stderr":true,"stdout":" 18                -1  1    332160  models.common.Conv                      [192, 192, 3, 2]              \n"},"type":"ws_msg"}
{"payload":{"local_timestamp":1709333501167,"message_id":154,"stderr":true,"stdout":" 19          [-1, 14]  1         0  models.common.Concat                    [1]                           \n"},"type":"ws_msg"}
{"payload":{"local_timestamp":1709333501176,"message_id":155,"stderr":true,"stdout":" 20                -1  2   1035264  models.common.C3                        [384, 384, 2, False]          \n"},"type":"ws_msg"}
{"payload":{"local_timestamp":1709333501184,"message_id":156,"stderr":true,"stdout":" 21                -1  1   1327872  models.common.Conv                      [384, 384, 3, 2]              \n"},"type":"ws_msg"}
{"payload":{"local_timestamp":1709333501184,"message_id":157,"stderr":true,"stdout":" 22          [-1, 10]  1         0  models.common.Concat                    [1]                           \n"},"type":"ws_msg"}
{"payload":{"local_timestamp":1709333501211,"message_id":158,"stderr":true,"stdout":" 23                -1  2   4134912  models.common.C3                        [768, 768, 2, False]          \n"},"type":"ws_msg"}
{"payload":{"local_timestamp":1709333501214,"message_id":159,"stderr":true,"stdout":" 24      [17, 20, 23]  1    286911  models.yolo.Detect                      [66, [[10, 13, 16, 30, 33, 23], [30, 61, 62, 45, 59, 119], [116, 90, 156, 198, 373, 326]], [192, 384, 768]]\n"},"type":"ws_msg"}
{"payload":{"local_timestamp":1709333501425,"message_id":160,"stderr":true,"stdout":"Model summary: 291 layers, 21133983 parameters, 21133983 gradients, 49.1 GFLOPs\n"},"type":"ws_msg"}
{"payload":{"local_timestamp":1709333501425,"message_id":161,"stderr":true,"stdout":"\n"},"type":"ws_msg"}
{"payload":{"git_meta":{"branch":"refs/heads/v8-development","origin":"https://github.com/DavidCabestany/smart-drone-vision.git","parent":"4d8dc67055123d5170de204a001c194c7df3a38a","repo_name":"smart-drone-vision","root":"f51c1b4a0de34491ff46bc03be1f4d70087318f4","status":null,"user":"David Cabestany"},"local_timestamp":1709333501505,"message_id":162},"type":"ws_msg"}
{"payload":{"local_timestamp":1709333501669,"message_id":163,"stderr":true,"stdout":"Transferred 475/481 items from yolov5m.pt\n"},"type":"ws_msg"}
{"payload":{"local_timestamp":1709333502415,"message_id":164,"stderr":true,"stdout":"\u001b[34m\u001b[1mAMP: \u001b[0mchecks passed \n"},"type":"ws_msg"}
{"payload":{"local_timestamp":1709333502418,"message_id":165,"stderr":true,"stdout":"\u001b[34m\u001b[1moptimizer:\u001b[0m SGD(lr=0.01) with parameter groups 79 weight(decay=0.0), 82 weight(decay=0.0005), 82 bias\n"},"type":"ws_msg"}
{"payload":{"local_timestamp":1709333502564,"message_id":166,"stderr":true,"stdout":"\r\u001b[34m\u001b[1mtrain: \u001b[0mScanning C:\\Users\\David\\Projects\\smart-drone-vision\\Dataset\\Pinopsida\\dataset\\labels\\train.cache... 593 i\u001b[0m"},"type":"ws_msg"}
{"payload":{"local_timestamp":1709333502565,"message_id":167,"stderr":true,"stdout":"\r\u001b[34m\u001b[1mtrain: \u001b[0mScanning C:\\Users\\David\\Projects\\smart-drone-vision\\Dataset\\Pinopsida\\dataset\\labels\\train.cache... 593 i\u001b[0m"},"type":"ws_msg"}
{"payload":{"local_timestamp":1709333502565,"message_id":168,"stderr":true,"stdout":"\n"},"type":"ws_msg"}
{"payload":{"local_timestamp":1709333546252,"message_id":169,"stderr":true,"stdout":"Traceback (most recent call last):\n"},"type":"ws_msg"}
{"payload":{"local_timestamp":1709333546253,"message_id":170,"stderr":true,"stdout":"  File \"C:\\Users\\David\\Projects\\smart-drone-vision\\yolov5\\train.py\", line 848, in <module>\n"},"type":"ws_msg"}
{"payload":{"local_timestamp":1709333546253,"message_id":171,"stderr":true,"stdout":"    "},"type":"ws_msg"}
{"payload":{"local_timestamp":1709333546253,"message_id":172,"stderr":true,"stdout":"main(opt)"},"type":"ws_msg"}
{"payload":{"local_timestamp":1709333546254,"message_id":173,"stderr":true,"stdout":"\n"},"type":"ws_msg"}
{"payload":{"local_timestamp":1709333546254,"message_id":174,"stderr":true,"stdout":"  File \"C:\\Users\\David\\Projects\\smart-drone-vision\\yolov5\\train.py\", line 623, in main\n"},"type":"ws_msg"}
{"payload":{"local_timestamp":1709333546255,"message_id":175,"stderr":true,"stdout":"    "},"type":"ws_msg"}
{"payload":{"local_timestamp":1709333546255,"message_id":176,"stderr":true,"stdout":"train(opt.hyp, opt, device, callbacks)"},"type":"ws_msg"}
{"payload":{"local_timestamp":1709333546256,"message_id":177,"stderr":true,"stdout":"\n"},"type":"ws_msg"}
{"payload":{"local_timestamp":1709333546257,"message_id":178,"stderr":true,"stdout":"  File \"C:\\Users\\David\\Projects\\smart-drone-vision\\yolov5\\train.py\", line 274, in train\n"},"type":"ws_msg"}
{"payload":{"local_timestamp":1709333546259,"message_id":179,"stderr":true,"stdout":"    "},"type":"ws_msg"}
{"payload":{"local_timestamp":1709333546260,"message_id":180,"stderr":true,"stdout":"assert mlc < nc, f\"Label class {mlc} exceeds nc={nc} in {data}. Possible class labels are 0-{nc - 1}\""},"type":"ws_msg"}
{"payload":{"local_timestamp":1709333546260,"message_id":181,"stderr":true,"stdout":"\n"},"type":"ws_msg"}
{"payload":{"local_timestamp":1709333546261,"message_id":182,"stderr":true,"stdout":"AssertionError"},"type":"ws_msg"}
{"payload":{"local_timestamp":1709333546261,"message_id":183,"stderr":true,"stdout":": "},"type":"ws_msg"}
{"payload":{"local_timestamp":1709333546261,"message_id":184,"stderr":true,"stdout":"Label class 66 exceeds nc=66 in C:/Users/David/Projects/smart-drone-vision/Dataset/Pinopsida/dataset/dataset.yaml. Possible class labels are 0-65"},"type":"ws_msg"}
{"payload":{"local_timestamp":1709333546261,"message_id":185,"stderr":true,"stdout":"\n"},"type":"ws_msg"}
{"payload":{"local_timestamp":1709333546265,"message_id":186,"stderr":true,"stdout":"\u001b[1;38;5;39mCOMET INFO:\u001b[0m ---------------------------------------------------------------------------------------\n"},"type":"ws_msg"}
{"payload":{"local_timestamp":1709333546273,"message_id":187,"stderr":true,"stdout":"\u001b[1;38;5;39mCOMET INFO:\u001b[0m Comet.ml OfflineExperiment Summary\n"},"type":"ws_msg"}
{"payload":{"local_timestamp":1709333546274,"message_id":188,"stderr":true,"stdout":"\u001b[1;38;5;39mCOMET INFO:\u001b[0m ---------------------------------------------------------------------------------------\n"},"type":"ws_msg"}
{"payload":{"local_timestamp":1709333546275,"message_id":189,"stderr":true,"stdout":"\u001b[1;38;5;39mCOMET INFO:\u001b[0m   Data:\n"},"type":"ws_msg"}
{"payload":{"local_timestamp":1709333546283,"message_id":190,"stderr":true,"stdout":"\u001b[1;38;5;39mCOMET INFO:\u001b[0m     display_summary_level : 1\n"},"type":"ws_msg"}
{"payload":{"local_timestamp":1709333546288,"message_id":191,"stderr":true,"stdout":"\u001b[1;38;5;39mCOMET INFO:\u001b[0m     url                   : [OfflineExperiment will get URL after upload]\n"},"type":"ws_msg"}
{"payload":{"local_timestamp":1709333546289,"message_id":192,"stderr":true,"stdout":"\u001b[1;38;5;39mCOMET INFO:\u001b[0m   Others:\n"},"type":"ws_msg"}
{"payload":{"local_timestamp":1709333546292,"message_id":193,"stderr":true,"stdout":"\u001b[1;38;5;39mCOMET INFO:\u001b[0m     Created from                : YOLOv5\n"},"type":"ws_msg"}
{"payload":{"local_timestamp":1709333546297,"message_id":194,"stderr":true,"stdout":"\u001b[1;38;5;39mCOMET INFO:\u001b[0m     Name                        : pinopsida_experiment\n"},"type":"ws_msg"}
{"payload":{"local_timestamp":1709333546298,"message_id":195,"stderr":true,"stdout":"\u001b[1;38;5;39mCOMET INFO:\u001b[0m     comet_log_batch_metrics     : False\n"},"type":"ws_msg"}
{"payload":{"local_timestamp":1709333546299,"message_id":196,"stderr":true,"stdout":"\u001b[1;38;5;39mCOMET INFO:\u001b[0m     comet_log_confusion_matrix  : True\n"},"type":"ws_msg"}
{"payload":{"local_timestamp":1709333546300,"message_id":197,"stderr":true,"stdout":"\u001b[1;38;5;39mCOMET INFO:\u001b[0m     comet_log_per_class_metrics : False\n"},"type":"ws_msg"}
{"payload":{"local_timestamp":1709333546301,"message_id":198,"stderr":true,"stdout":"\u001b[1;38;5;39mCOMET INFO:\u001b[0m     comet_max_image_uploads     : 100\n"},"type":"ws_msg"}
{"payload":{"local_timestamp":1709333546301,"message_id":199,"stderr":true,"stdout":"\u001b[1;38;5;39mCOMET INFO:\u001b[0m     comet_mode                  : online\n"},"type":"ws_msg"}
{"payload":{"local_timestamp":1709333546301,"message_id":200,"stderr":true,"stdout":"\u001b[1;38;5;39mCOMET INFO:\u001b[0m     comet_model_name            : yolov5\n"},"type":"ws_msg"}
{"payload":{"local_timestamp":1709333546302,"message_id":201,"stderr":true,"stdout":"\u001b[1;38;5;39mCOMET INFO:\u001b[0m     hasNestedParams             : True\n"},"type":"ws_msg"}
{"payload":{"local_timestamp":1709333546302,"message_id":202,"stderr":true,"stdout":"\u001b[1;38;5;39mCOMET INFO:\u001b[0m     offline_experiment          : True\n"},"type":"ws_msg"}
{"payload":{"local_timestamp":1709333546302,"message_id":203,"stderr":true,"stdout":"\u001b[1;38;5;39mCOMET INFO:\u001b[0m   Parameters:\n"},"type":"ws_msg"}
{"payload":{"local_timestamp":1709333546302,"message_id":204,"stderr":true,"stdout":"\u001b[1;38;5;39mCOMET INFO:\u001b[0m     anchor_t            : 4.0\n"},"type":"ws_msg"}
{"payload":{"local_timestamp":1709333546303,"message_id":205,"stderr":true,"stdout":"\u001b[1;38;5;39mCOMET INFO:\u001b[0m     artifact_alias      : latest\n"},"type":"ws_msg"}
{"payload":{"local_timestamp":1709333546304,"message_id":206,"stderr":true,"stdout":"\u001b[1;38;5;39mCOMET INFO:\u001b[0m     batch_size          : 16\n"},"type":"ws_msg"}
{"payload":{"local_timestamp":1709333546304,"message_id":207,"stderr":true,"stdout":"\u001b[1;38;5;39mCOMET INFO:\u001b[0m     bbox_interval       : -1\n"},"type":"ws_msg"}
{"payload":{"local_timestamp":1709333546305,"message_id":208,"stderr":true,"stdout":"\u001b[1;38;5;39mCOMET INFO:\u001b[0m     box                 : 0.05\n"},"type":"ws_msg"}
{"payload":{"local_timestamp":1709333546305,"message_id":209,"stderr":true,"stdout":"\u001b[1;38;5;39mCOMET INFO:\u001b[0m     bucket              : \n"},"type":"ws_msg"}
{"payload":{"local_timestamp":1709333546305,"message_id":210,"stderr":true,"stdout":"\u001b[1;38;5;39mCOMET INFO:\u001b[0m     cache               : None\n"},"type":"ws_msg"}
{"payload":{"local_timestamp":1709333546306,"message_id":211,"stderr":true,"stdout":"\u001b[1;38;5;39mCOMET INFO:\u001b[0m     cfg                 : \n"},"type":"ws_msg"}
{"payload":{"local_timestamp":1709333546306,"message_id":212,"stderr":true,"stdout":"\u001b[1;38;5;39mCOMET INFO:\u001b[0m     cls                 : 0.5\n"},"type":"ws_msg"}
{"payload":{"local_timestamp":1709333546306,"message_id":213,"stderr":true,"stdout":"\u001b[1;38;5;39mCOMET INFO:\u001b[0m     cls_pw              : 1.0\n"},"type":"ws_msg"}
{"payload":{"local_timestamp":1709333546306,"message_id":214,"stderr":true,"stdout":"\u001b[1;38;5;39mCOMET INFO:\u001b[0m     copy_paste          : 0.0\n"},"type":"ws_msg"}
{"payload":{"local_timestamp":1709333546307,"message_id":215,"stderr":true,"stdout":"\u001b[1;38;5;39mCOMET INFO:\u001b[0m     cos_lr              : False\n"},"type":"ws_msg"}
{"payload":{"local_timestamp":1709333546307,"message_id":216,"stderr":true,"stdout":"\u001b[1;38;5;39mCOMET INFO:\u001b[0m     degrees             : 0.0\n"},"type":"ws_msg"}
{"payload":{"local_timestamp":1709333546307,"message_id":217,"stderr":true,"stdout":"\u001b[1;38;5;39mCOMET INFO:\u001b[0m     device              : \n"},"type":"ws_msg"}
{"payload":{"local_timestamp":1709333546308,"message_id":218,"stderr":true,"stdout":"\u001b[1;38;5;39mCOMET INFO:\u001b[0m     entity              : None\n"},"type":"ws_msg"}
{"payload":{"local_timestamp":1709333546308,"message_id":219,"stderr":true,"stdout":"\u001b[1;38;5;39mCOMET INFO:\u001b[0m     evolve              : None\n"},"type":"ws_msg"}
{"payload":{"local_timestamp":1709333546309,"message_id":220,"stderr":true,"stdout":"\u001b[1;38;5;39mCOMET INFO:\u001b[0m     evolve_population   : yolov5\\data\\hyps\n"},"type":"ws_msg"}
{"payload":{"local_timestamp":1709333546309,"message_id":221,"stderr":true,"stdout":"\u001b[1;38;5;39mCOMET INFO:\u001b[0m     exist_ok            : False\n"},"type":"ws_msg"}
{"payload":{"local_timestamp":1709333546310,"message_id":222,"stderr":true,"stdout":"\u001b[1;38;5;39mCOMET INFO:\u001b[0m     fl_gamma            : 0.0\n"},"type":"ws_msg"}
{"payload":{"local_timestamp":1709333546310,"message_id":223,"stderr":true,"stdout":"\u001b[1;38;5;39mCOMET INFO:\u001b[0m     fliplr              : 0.5\n"},"type":"ws_msg"}
{"payload":{"local_timestamp":1709333546311,"message_id":224,"stderr":true,"stdout":"\u001b[1;38;5;39mCOMET INFO:\u001b[0m     flipud              : 0.0\n"},"type":"ws_msg"}
{"payload":{"local_timestamp":1709333546314,"message_id":225,"stderr":true,"stdout":"\u001b[1;38;5;39mCOMET INFO:\u001b[0m     freeze              : [0]\n"},"type":"ws_msg"}
{"payload":{"local_timestamp":1709333546315,"message_id":226,"stderr":true,"stdout":"\u001b[1;38;5;39mCOMET INFO:\u001b[0m     hsv_h               : 0.015\n"},"type":"ws_msg"}
{"payload":{"local_timestamp":1709333546315,"message_id":227,"stderr":true,"stdout":"\u001b[1;38;5;39mCOMET INFO:\u001b[0m     hsv_s               : 0.7\n"},"type":"ws_msg"}
{"payload":{"local_timestamp":1709333546316,"message_id":228,"stderr":true,"stdout":"\u001b[1;38;5;39mCOMET INFO:\u001b[0m     hsv_v               : 0.4\n"},"type":"ws_msg"}
{"payload":{"local_timestamp":1709333546316,"message_id":229,"stderr":true,"stdout":"\u001b[1;38;5;39mCOMET INFO:\u001b[0m     hyp|anchor_t        : 4.0\n"},"type":"ws_msg"}
{"payload":{"local_timestamp":1709333546316,"message_id":230,"stderr":true,"stdout":"\u001b[1;38;5;39mCOMET INFO:\u001b[0m     hyp|box             : 0.05\n"},"type":"ws_msg"}
{"payload":{"local_timestamp":1709333546317,"message_id":231,"stderr":true,"stdout":"\u001b[1;38;5;39mCOMET INFO:\u001b[0m     hyp|cls             : 0.5\n"},"type":"ws_msg"}
{"payload":{"local_timestamp":1709333546317,"message_id":232,"stderr":true,"stdout":"\u001b[1;38;5;39mCOMET INFO:\u001b[0m     hyp|cls_pw          : 1.0\n"},"type":"ws_msg"}
{"payload":{"local_timestamp":1709333546317,"message_id":233,"stderr":true,"stdout":"\u001b[1;38;5;39mCOMET INFO:\u001b[0m     hyp|copy_paste      : 0.0\n"},"type":"ws_msg"}
{"payload":{"local_timestamp":1709333546317,"message_id":234,"stderr":true,"stdout":"\u001b[1;38;5;39mCOMET INFO:\u001b[0m     hyp|degrees         : 0.0\n"},"type":"ws_msg"}
{"payload":{"local_timestamp":1709333546318,"message_id":235,"stderr":true,"stdout":"\u001b[1;38;5;39mCOMET INFO:\u001b[0m     hyp|fl_gamma        : 0.0\n"},"type":"ws_msg"}
{"payload":{"local_timestamp":1709333546318,"message_id":236,"stderr":true,"stdout":"\u001b[1;38;5;39mCOMET INFO:\u001b[0m     hyp|fliplr          : 0.5\n"},"type":"ws_msg"}
{"payload":{"local_timestamp":1709333546318,"message_id":237,"stderr":true,"stdout":"\u001b[1;38;5;39mCOMET INFO:\u001b[0m     hyp|flipud          : 0.0\n"},"type":"ws_msg"}
{"payload":{"local_timestamp":1709333546319,"message_id":238,"stderr":true,"stdout":"\u001b[1;38;5;39mCOMET INFO:\u001b[0m     hyp|hsv_h           : 0.015\n"},"type":"ws_msg"}
{"payload":{"local_timestamp":1709333546319,"message_id":239,"stderr":true,"stdout":"\u001b[1;38;5;39mCOMET INFO:\u001b[0m     hyp|hsv_s           : 0.7\n"},"type":"ws_msg"}
{"payload":{"local_timestamp":1709333546319,"message_id":240,"stderr":true,"stdout":"\u001b[1;38;5;39mCOMET INFO:\u001b[0m     hyp|hsv_v           : 0.4\n"},"type":"ws_msg"}
{"payload":{"local_timestamp":1709333546320,"message_id":241,"stderr":true,"stdout":"\u001b[1;38;5;39mCOMET INFO:\u001b[0m     hyp|iou_t           : 0.2\n"},"type":"ws_msg"}
{"payload":{"local_timestamp":1709333546320,"message_id":242,"stderr":true,"stdout":"\u001b[1;38;5;39mCOMET INFO:\u001b[0m     hyp|lr0             : 0.01\n"},"type":"ws_msg"}
{"payload":{"local_timestamp":1709333546320,"message_id":243,"stderr":true,"stdout":"\u001b[1;38;5;39mCOMET INFO:\u001b[0m     hyp|lrf             : 0.01\n"},"type":"ws_msg"}
{"payload":{"local_timestamp":1709333546320,"message_id":244,"stderr":true,"stdout":"\u001b[1;38;5;39mCOMET INFO:\u001b[0m     hyp|mixup           : 0.0\n"},"type":"ws_msg"}
{"payload":{"local_timestamp":1709333546321,"message_id":245,"stderr":true,"stdout":"\u001b[1;38;5;39mCOMET INFO:\u001b[0m     hyp|momentum        : 0.937\n"},"type":"ws_msg"}
{"payload":{"local_timestamp":1709333546321,"message_id":246,"stderr":true,"stdout":"\u001b[1;38;5;39mCOMET INFO:\u001b[0m     hyp|mosaic          : 1.0\n"},"type":"ws_msg"}
{"payload":{"local_timestamp":1709333546321,"message_id":247,"stderr":true,"stdout":"\u001b[1;38;5;39mCOMET INFO:\u001b[0m     hyp|obj             : 1.0\n"},"type":"ws_msg"}
{"payload":{"local_timestamp":1709333546321,"message_id":248,"stderr":true,"stdout":"\u001b[1;38;5;39mCOMET INFO:\u001b[0m     hyp|obj_pw          : 1.0\n"},"type":"ws_msg"}
{"payload":{"local_timestamp":1709333546321,"message_id":249,"stderr":true,"stdout":"\u001b[1;38;5;39mCOMET INFO:\u001b[0m     hyp|perspective     : 0.0\n"},"type":"ws_msg"}
{"payload":{"local_timestamp":1709333546322,"message_id":250,"stderr":true,"stdout":"\u001b[1;38;5;39mCOMET INFO:\u001b[0m     hyp|scale           : 0.5\n"},"type":"ws_msg"}
{"payload":{"local_timestamp":1709333546322,"message_id":251,"stderr":true,"stdout":"\u001b[1;38;5;39mCOMET INFO:\u001b[0m     hyp|shear           : 0.0\n"},"type":"ws_msg"}
{"payload":{"local_timestamp":1709333546322,"message_id":252,"stderr":true,"stdout":"\u001b[1;38;5;39mCOMET INFO:\u001b[0m     hyp|translate       : 0.1\n"},"type":"ws_msg"}
{"payload":{"local_timestamp":1709333546322,"message_id":253,"stderr":true,"stdout":"\u001b[1;38;5;39mCOMET INFO:\u001b[0m     hyp|warmup_bias_lr  : 0.1\n"},"type":"ws_msg"}
{"payload":{"local_timestamp":1709333546323,"message_id":254,"stderr":true,"stdout":"\u001b[1;38;5;39mCOMET INFO:\u001b[0m     hyp|warmup_epochs   : 3.0\n"},"type":"ws_msg"}
{"payload":{"local_timestamp":1709333546323,"message_id":255,"stderr":true,"stdout":"\u001b[1;38;5;39mCOMET INFO:\u001b[0m     hyp|warmup_momentum : 0.8\n"},"type":"ws_msg"}
{"payload":{"local_timestamp":1709333546323,"message_id":256,"stderr":true,"stdout":"\u001b[1;38;5;39mCOMET INFO:\u001b[0m     hyp|weight_decay    : 0.0005\n"},"type":"ws_msg"}
{"payload":{"local_timestamp":1709333546323,"message_id":257,"stderr":true,"stdout":"\u001b[1;38;5;39mCOMET INFO:\u001b[0m     image_weights       : False\n"},"type":"ws_msg"}
{"payload":{"local_timestamp":1709333546324,"message_id":258,"stderr":true,"stdout":"\u001b[1;38;5;39mCOMET INFO:\u001b[0m     imgsz               : 640\n"},"type":"ws_msg"}
{"payload":{"local_timestamp":1709333546324,"message_id":259,"stderr":true,"stdout":"\u001b[1;38;5;39mCOMET INFO:\u001b[0m     iou_t               : 0.2\n"},"type":"ws_msg"}
{"payload":{"local_timestamp":1709333546324,"message_id":260,"stderr":true,"stdout":"\u001b[1;38;5;39mCOMET INFO:\u001b[0m     label_smoothing     : 0.0\n"},"type":"ws_msg"}
{"payload":{"local_timestamp":1709333546325,"message_id":261,"stderr":true,"stdout":"\u001b[1;38;5;39mCOMET INFO:\u001b[0m     local_rank          : -1\n"},"type":"ws_msg"}
{"payload":{"local_timestamp":1709333546325,"message_id":262,"stderr":true,"stdout":"\u001b[1;38;5;39mCOMET INFO:\u001b[0m     lr0                 : 0.01\n"},"type":"ws_msg"}
{"payload":{"local_timestamp":1709333546325,"message_id":263,"stderr":true,"stdout":"\u001b[1;38;5;39mCOMET INFO:\u001b[0m     lrf                 : 0.01\n"},"type":"ws_msg"}
{"payload":{"local_timestamp":1709333546326,"message_id":264,"stderr":true,"stdout":"\u001b[1;38;5;39mCOMET INFO:\u001b[0m     mixup               : 0.0\n"},"type":"ws_msg"}
{"payload":{"local_timestamp":1709333546326,"message_id":265,"stderr":true,"stdout":"\u001b[1;38;5;39mCOMET INFO:\u001b[0m     momentum            : 0.937\n"},"type":"ws_msg"}
{"payload":{"local_timestamp":1709333546326,"message_id":266,"stderr":true,"stdout":"\u001b[1;38;5;39mCOMET INFO:\u001b[0m     mosaic              : 1.0\n"},"type":"ws_msg"}
{"payload":{"local_timestamp":1709333546326,"message_id":267,"stderr":true,"stdout":"\u001b[1;38;5;39mCOMET INFO:\u001b[0m     multi_scale         : False\n"},"type":"ws_msg"}
{"payload":{"local_timestamp":1709333546326,"message_id":268,"stderr":true,"stdout":"\u001b[1;38;5;39mCOMET INFO:\u001b[0m     ndjson_console      : False\n"},"type":"ws_msg"}
{"payload":{"local_timestamp":1709333546327,"message_id":269,"stderr":true,"stdout":"\u001b[1;38;5;39mCOMET INFO:\u001b[0m     ndjson_file         : False\n"},"type":"ws_msg"}
{"payload":{"local_timestamp":1709333546327,"message_id":270,"stderr":true,"stdout":"\u001b[1;38;5;39mCOMET INFO:\u001b[0m     noautoanchor        : False\n"},"type":"ws_msg"}
{"payload":{"local_timestamp":1709333546327,"message_id":271,"stderr":true,"stdout":"\u001b[1;38;5;39mCOMET INFO:\u001b[0m     noplots             : False\n"},"type":"ws_msg"}
{"payload":{"local_timestamp":1709333546328,"message_id":272,"stderr":true,"stdout":"\u001b[1;38;5;39mCOMET INFO:\u001b[0m     nosave              : False\n"},"type":"ws_msg"}
{"payload":{"local_timestamp":1709333546328,"message_id":273,"stderr":true,"stdout":"\u001b[1;38;5;39mCOMET INFO:\u001b[0m     noval               : False\n"},"type":"ws_msg"}
{"payload":{"local_timestamp":1709333546328,"message_id":274,"stderr":true,"stdout":"\u001b[1;38;5;39mCOMET INFO:\u001b[0m     obj                 : 1.0\n"},"type":"ws_msg"}
{"payload":{"local_timestamp":1709333546328,"message_id":275,"stderr":true,"stdout":"\u001b[1;38;5;39mCOMET INFO:\u001b[0m     obj_pw              : 1.0\n"},"type":"ws_msg"}
{"payload":{"local_timestamp":1709333546328,"message_id":276,"stderr":true,"stdout":"\u001b[1;38;5;39mCOMET INFO:\u001b[0m     optimizer           : SGD\n"},"type":"ws_msg"}
{"payload":{"local_timestamp":1709333546329,"message_id":277,"stderr":true,"stdout":"\u001b[1;38;5;39mCOMET INFO:\u001b[0m     patience            : 100\n"},"type":"ws_msg"}
{"payload":{"local_timestamp":1709333546329,"message_id":278,"stderr":true,"stdout":"\u001b[1;38;5;39mCOMET INFO:\u001b[0m     perspective         : 0.0\n"},"type":"ws_msg"}
{"payload":{"local_timestamp":1709333546329,"message_id":279,"stderr":true,"stdout":"\u001b[1;38;5;39mCOMET INFO:\u001b[0m     quad                : False\n"},"type":"ws_msg"}
{"payload":{"local_timestamp":1709333546329,"message_id":280,"stderr":true,"stdout":"\u001b[1;38;5;39mCOMET INFO:\u001b[0m     rect                : False\n"},"type":"ws_msg"}
{"payload":{"local_timestamp":1709333546330,"message_id":281,"stderr":true,"stdout":"\u001b[1;38;5;39mCOMET INFO:\u001b[0m     resume              : False\n"},"type":"ws_msg"}
{"payload":{"local_timestamp":1709333546330,"message_id":282,"stderr":true,"stdout":"\u001b[1;38;5;39mCOMET INFO:\u001b[0m     resume_evolve       : None\n"},"type":"ws_msg"}
{"payload":{"local_timestamp":1709333546330,"message_id":283,"stderr":true,"stdout":"\u001b[1;38;5;39mCOMET INFO:\u001b[0m     save_dir            : yolov5\\runs\\train\\pinopsida_experiment\n"},"type":"ws_msg"}
{"payload":{"local_timestamp":1709333546330,"message_id":284,"stderr":true,"stdout":"\u001b[1;38;5;39mCOMET INFO:\u001b[0m     save_period         : -1\n"},"type":"ws_msg"}
{"payload":{"local_timestamp":1709333546330,"message_id":285,"stderr":true,"stdout":"\u001b[1;38;5;39mCOMET INFO:\u001b[0m     scale               : 0.5\n"},"type":"ws_msg"}
{"payload":{"local_timestamp":1709333546331,"message_id":286,"stderr":true,"stdout":"\u001b[1;38;5;39mCOMET INFO:\u001b[0m     seed                : 0\n"},"type":"ws_msg"}
{"payload":{"local_timestamp":1709333546331,"message_id":287,"stderr":true,"stdout":"\u001b[1;38;5;39mCOMET INFO:\u001b[0m     shear               : 0.0\n"},"type":"ws_msg"}
{"payload":{"local_timestamp":1709333546331,"message_id":288,"stderr":true,"stdout":"\u001b[1;38;5;39mCOMET INFO:\u001b[0m     single_cls          : False\n"},"type":"ws_msg"}
{"payload":{"local_timestamp":1709333546331,"message_id":289,"stderr":true,"stdout":"\u001b[1;38;5;39mCOMET INFO:\u001b[0m     sync_bn             : False\n"},"type":"ws_msg"}
{"payload":{"local_timestamp":1709333546332,"message_id":290,"stderr":true,"stdout":"\u001b[1;38;5;39mCOMET INFO:\u001b[0m     translate           : 0.1\n"},"type":"ws_msg"}
{"payload":{"local_timestamp":1709333546332,"message_id":291,"stderr":true,"stdout":"\u001b[1;38;5;39mCOMET INFO:\u001b[0m     upload_dataset      : False\n"},"type":"ws_msg"}
{"payload":{"local_timestamp":1709333546332,"message_id":292,"stderr":true,"stdout":"\u001b[1;38;5;39mCOMET INFO:\u001b[0m     val_conf_threshold  : 0.001\n"},"type":"ws_msg"}
{"payload":{"local_timestamp":1709333546332,"message_id":293,"stderr":true,"stdout":"\u001b[1;38;5;39mCOMET INFO:\u001b[0m     val_iou_threshold   : 0.6\n"},"type":"ws_msg"}
{"payload":{"local_timestamp":1709333546332,"message_id":294,"stderr":true,"stdout":"\u001b[1;38;5;39mCOMET INFO:\u001b[0m     warmup_bias_lr      : 0.1\n"},"type":"ws_msg"}
{"payload":{"local_timestamp":1709333546332,"message_id":295,"stderr":true,"stdout":"\u001b[1;38;5;39mCOMET INFO:\u001b[0m     warmup_epochs       : 3.0\n"},"type":"ws_msg"}
{"payload":{"local_timestamp":1709333546333,"message_id":296,"stderr":true,"stdout":"\u001b[1;38;5;39mCOMET INFO:\u001b[0m     warmup_momentum     : 0.8\n"},"type":"ws_msg"}
{"payload":{"local_timestamp":1709333546333,"message_id":297,"stderr":true,"stdout":"\u001b[1;38;5;39mCOMET INFO:\u001b[0m     weight_decay        : 0.0005\n"},"type":"ws_msg"}
{"payload":{"local_timestamp":1709333546333,"message_id":298,"stderr":true,"stdout":"\u001b[1;38;5;39mCOMET INFO:\u001b[0m     workers             : 8\n"},"type":"ws_msg"}
{"payload":{"local_timestamp":1709333546334,"message_id":299,"stderr":true,"stdout":"\u001b[1;38;5;39mCOMET INFO:\u001b[0m   Uploads:\n"},"type":"ws_msg"}
{"payload":{"local_timestamp":1709333546334,"message_id":300,"stderr":true,"stdout":"\u001b[1;38;5;39mCOMET INFO:\u001b[0m     asset               : 3 (2.30 KB)\n"},"type":"ws_msg"}
{"payload":{"local_timestamp":1709333546334,"message_id":301,"stderr":true,"stdout":"\u001b[1;38;5;39mCOMET INFO:\u001b[0m     environment details : 1\n"},"type":"ws_msg"}
{"payload":{"local_timestamp":1709333546334,"message_id":302,"stderr":true,"stdout":"\u001b[1;38;5;39mCOMET INFO:\u001b[0m     git metadata        : 1\n"},"type":"ws_msg"}
{"payload":{"local_timestamp":1709333546334,"message_id":303,"stderr":true,"stdout":"\u001b[1;38;5;39mCOMET INFO:\u001b[0m     installed packages  : 1\n"},"type":"ws_msg"}
{"payload":{"local_timestamp":1709333546335,"message_id":304,"stderr":true,"stdout":"\u001b[1;38;5;39mCOMET INFO:\u001b[0m \n"},"type":"ws_msg"}
